date,NSW,VIC,QLD,SA,WA,TAS,NT,ACT,First doses,Second doses,First dose daily,Second dose daily,Third dose daily
2021/2/21,20,0,0,0,0,0,0,0,20,0,20,0,0
2021/2/22,1320,0,0,0,378,0,88,50,1836,0,1816,0,0
2021/2/23,1320,580,203,168,378,0,88,50,2787,0,951,0,0
2021/2/24,3220,1255,527,403,800,383,88,250,6926,0,4139,0,0
2021/2/25,5500,2063,942,743,1240,807,88,524,16622,0,9696,0,0
2021/2/26,7500,2894,1377,1053,1654,1153,581,777,23489,0,6867,0,0
2021/2/27,7500,3613,2030,1371,2299,1153,581,980,27627,0,4138,0,0
2021/2/28,7500,3762,2030,1481,2584,1153,581,980,29571,0,1944,0,0
2021/3/1,10339,3862,2030,1630,2879,1165,748,978,33702,0,4131,0,0
2021/3/2,12424,5020,3010,1920,2862,1165,1000,1173,41922,0,8220,0,0
2021/3/3,15000,6676,4212,2326,3519,1165,1000,1319,48565,0,6643,0,0
2021/3/4,16805,8645,5409,2682,4346,1970,1588,1563,61008,0,12443,0,0
2021/3/5,19027,10907,6534,3062,5546,2327,1840,1757,71000,0,9992,0,0
2021/3/6,19027,12851,8008,3455,6616,2327,1840,1949,76073,0,5073,0,0
2021/3/7,19027,13578,8300,3585,6872,2327,1840,1949,81000,0,4927,0,0
2021/3/8,21763,14422,8300,3705,7840,2327,2066,1951,86369,0,5369,0,0
2021/3/9,23923,15494,10092,3824,9289,2327,2349,2157,94908,0,8539,0,0
2021/3/10,27000,18325,11996,4274,11373,2713,2684,2382,106200,0,11292,0,0
2021/3/11,31313,22317,13989,4871,13498,3255,3070,2687,125000,0,18800,0,0
2021/3/12,31313,25948,16120,5822,15952,3667,3262,3025,135109,0,10109,0,0
2021/3/13,36820,30298,18411,6878,17748,3667,3519,3667,159942,0,24833,0,0
2021/3/14,36820,31202,18705,7124,18391,3667,3519,3363,162551,0,2609,0,0
2021/3/15,37553,31808,18705,7272,18948,3853,3519,3363,164781,0,2230,0,0
2021/3/16,37553,35282,21861,8300,20550,4616,3715,3869,178546,0,13765,0,0
2021/3/17,46820,38948,25173,9831,22944,5765,4096,4373,203557,0,25011,0,0
2021/3/18,51607,42989,28533,11362,25503,6715,4473,4875,225851,206,22294,206,0
2021/3/19,51607,47731,32527,12961,28134,7631,4784,5379,240414,340,14563,134,0
2021/3/20,51607,52283,36704,14051,30571,7631,5083,5901,253364,467,12950,127,0
2021/3/21,51607,53681,37002,14365,31512,7631,5083,5901,256315,467,2951,0,0
2021/3/22,64650,55023,37002,14916,32115,8267,5083,6536,281483,467,25168,0,0
2021/3/23,72943,59509,40870,16949,34877,8843,5371,7251,311619,606,30136,139,0
2021/3/24,72943,63894,45068,17751,36690,9854,5679,7513,357693,807,46074,201,0
2021/3/25,72943,69592,49462,19255,39259,11007,6186,8035,404756,3654,47063,2847,0
2021/3/26,89196,75626,53893,20832,41665,11728,6578,8563,455457,4698,50701,1044,0
2021/3/27,89196,80698,58439,22272,44047,11728,6578,9096,468849,5279,13392,581,0
2021/3/28,89196,84210,58930,22497,44542,11728,6578,9429,501645,5355,32796,76,0
2021/3/29,96273,86282,59126,22787,45091,13091,7027,9746,536063,5698,34418,343,0
2021/3/30,96273,92765,65129,24145,47701,13750,7364,10281,607267,6716,71204,1018,0
2021/3/31,100000,99065,71942,25535,50731,13750,7789,10819,662198,8153,54931,1437,0
2021/4/1,117389,107522,79534,27023,53482,15077,8277,11361,735061,9269,72863,1116,0
2021/4/2,124345,115077,87220,28337,56337,15077,8277,11361,813304,10309,78243,1040,0
2021/4/3,125195,115987,88248,28614,56649,15077,8277,12430,817574,10485,4270,176,0
2021/4/4,126494,116234,88282,28759,56872,17511,8647,12778,832570,10612,14996,127,0
2021/4/5,126526,116677,88282,28933,57018,17511,8717,13110,833640,10739,1070,127,0
2021/4/6,127339,117700,89350,29355,57464,17511,9028,13774,844518,10776,10878,37,0
2021/4/7,134323,123759,94762,30735,59765,17511,9600,14445,908999,11646,64481,870,0
2021/4/8,140551,129537,100298,32635,62297,19903,9600,15134,983201,13255,74202,1609,0
2021/4/9,316187,261050,222884,80497,113531,40196,14117,29049,1063376,14135,80175,880,0
2021/4/10,335270,274306,235734,86580,118673,42988,14966,30349,1079114,59752,15738,45617,0
2021/4/11,342315,281714,240995,88589,121718,44886,15000,31351,1104784,61784,25670,2032,0
2021/4/12,344318,285242,243254,89762,122772,45555,15026,32373,1115127,63175,10343,1391,0
2021/4/13,348677,288720,246359,91312,124521,46442,15026,32974,1170715,63966,55588,791,0
2021/4/14,382687,312718,266103,99037,134000,49681,16478,34968,1226703,68969,55988,5003,0
2021/4/15,403138,327299,279116,105120,139686,51454,17197,36295,1287596,71709,60893,2740,0
2021/4/16,422480,341481,291966,110105,145210,54085,17812,37438,1345277,75300,57681,3591,0
2021/4/17,440396,354490,302123,114532,150295,55655,18560,38486,1396568,77969,51291,2669,0
2021/4/18,447239,359773,305403,116268,152938,56765,18607,39615,1417750,78858,21182,889,0
2021/4/19,468824,378550,340250,119102,163999,56800,18744,39983,1506305,79947,88555,1089,0
2021/4/20,488757,395255,353927,124380,171221,58706,19324,41716,1569945,83341,63640,3394,0
2021/4/21,509499,410329,367092,129219,177991,60820,19978,43179,1629357,88750,59412,5409,0
2021/4/22,530891,427266,380702,134182,184432,63004,20827,44394,1692653,93045,63296,4295,0
2021/4/23,550342,446451,396676,139034,190610,65305,21741,45442,1759152,96449,66499,3404,0
2021/4/24,568181,459846,409564,143378,197179,66721,22391,46787,1815809,98238,56657,1789,0
2021/4/25,573892,466222,412925,144254,199233,67462,22398,47701,1834287,99800,18478,1562,0
2021/4/26,574417,467331,413242,144539,199741,67613,22398,48204,1837685,99800,3398,0,0
2021/4/27,588050,479185,414776,145483,201378,69186,22424,48855,1869346,99991,31661,191,0
2021/4/28,604810,496380,427172,149640,207416,71040,22928,50158,1926737,102807,57391,2816,0
2021/4/29,630218,516869,444065,155478,216384,73597,23612,52062,2004365,107920,77628,5113,0
2021/4/30,649898,533674,458425,160798,223689,75483,24324,53253,2065912,113632,61547,5712,0
2021/5/1,667243,546177,469400,165372,230229,76953,25081,54389,2117359,117485,51447,3853,0
2021/5/2,672362,551141,472629,166950,233040,77752,25101,55099,2135549,118525,18190,1040,0
2021/5/3,673278,553422,473522,167476,234312,77971,25151,55483,2141574,119041,6025,516,0
2021/5/4,691136,572577,475570,172408,242514,80652,24877,57235,2195119,121850,53545,2809,0
2021/5/5,713270,596444,490527,177984,250715,82905,25636,58833,2269720,126594,74601,4744,0
2021/5/6,735153,618981,505559,183785,258935,84272,26597,60247,2343040,130489,73320,3895,0
2021/5/7,757224,643545,521357,189465,267409,86116,27705,61710,2419959,134572,76919,4083,0
2021/5/8,778812,662073,536187,195350,275020,88403,28534,63346,2489057,138668,69098,4096,0
2021/5/9,786154,670029,539468,197191,278690,89699,28640,64467,2514734,139604,25677,936,0
2021/5/10,787274,673242,541260,197811,280109,89806,28676,65043,2523339,139882,8605,278,0
2021/5/11,808251,695286,553579,202578,288024,91764,29675,66950,2593342,142765,70003,2883,0
2021/5/12,833095,715055,567934,207827,295784,93872,30690,68229,2666215,146271,72873,3506,0
2021/5/13,859246,738448,582377,214310,303284,95763,31681,69661,2744981,149789,78766,3518,0
2021/5/14,889531,760343,596208,220148,311652,98132,33454,71176,2827555,153089,82574,3300,0
2021/5/15,913632,780297,609461,226302,319436,100366,34608,72695,2899040,157757,71485,4668,0
2021/5/16,926242,787964,612540,228435,323565,101590,34868,73980,2930003,159181,30963,1424,0
2021/5/17,927464,792334,613831,229134,325733,102041,34970,74630,2940934,159203,10931,22,0
2021/5/18,955808,816551,626402,233985,333814,104542,35934,76288,2661630,521694,0,362491,0
2021/5/19,986706,841713,640931,242975,342472,108658,37349,78050,2753524,525330,91894,3636,0
2021/5/20,1018478,866674,656156,250026,351457,110162,38827,79948,2842909,528819,89385,3489,0
2021/5/21,1052533,893227,673729,257411,361710,112357,40086,81821,2939552,533322,96643,4503,0
2021/5/22,1084427,914968,688793,263602,371558,115761,40975,83411,3027109,536386,87557,3064,0
2021/5/23,1097515,924143,692941,265947,376458,118205,41040,84715,3051014,549950,23905,13564,0
2021/5/24,1099290,929107,694306,267172,378198,119347,41326,85307,3063981,550072,12967,122,0
2021/5/25,1128802,940531,710577,272612,386687,121526,42149,87738,3074844,615778,10863,65706,0
2021/5/26,1162768,971029,729107,279195,395921,124144,43743,89373,3175147,620133,100303,4355,0
2021/5/27,1198685,1001455,749347,286668,406913,126999,45363,91238,3281793,624875,106646,4742,0
2021/5/28,1236255,1042844,771016,294386,417671,129451,46657,93258,3403809,627729,122016,2854,0
2021/5/29,1272007,1086302,790062,301876,428327,131958,47171,95446,3520938,632211,117129,4482,0
2021/5/30,1287975,1113750,794643,304657,432118,134242,47181,96535,3578544,632557,57606,346,0
2021/5/31,1289964,1134659,795973,305878,436609,134462,48620,97435,3611026,632574,32482,17,0
2021/6/1,1325438,1175048,815102,313097,446840,138902,50065,98247,3675982,686757,64956,54183,0
2021/6/2,1363217,1226224,839336,321176,457069,141919,51924,100579,3807063,694381,131081,7624,0
2021/6/3,1403595,1276934,862848,330679,467681,144682,53718,102566,3939705,702998,132642,8617,0
2021/6/4,1445317,1325149,889018,340080,479137,146472,55847,105342,4077125,709237,137420,6239,0
2021/6/5,1481291,1377251,914218,349599,489985,150233,57293,107737,4213247,714360,136122,5123,0
2021/6/6,1498063,1419616,928783,353788,495799,152832,57471,110000,4301884,714468,88637,108,0
2021/6/7,1500798,1462197,937001,355734,497524,154220,57746,111193,4277519,798894,0,84426,0
2021/6/8,1537074,1511464,959957,365055,499346,157650,59383,114048,4397884,806093,120365,7199,0
2021/6/9,1576558,1558724,985644,375722,508994,161559,61270,116391,4530913,813949,133029,7856,0
2021/6/10,1614475,1610071,1011863,385817,519299,164063,63342,118740,4669102,818568,138189,4619,0
2021/6/11,1655779,1660708,1040325,398360,531912,167300,65350,121274,4816261,824747,147159,6179,0
2021/6/12,1692108,1704590,1064777,407613,543217,170674,67173,123772,4943387,830537,127126,5790,0
2021/6/13,1705106,1727812,1075302,411561,549862,172355,67199,125549,5004174,830572,60787,35,0
2021/6/14,1706311,1745247,1081007,414209,553451,172975,67279,126820,5036715,830584,32541,12,0
2021/6/15,1720334,1755849,1105902,416661,562670,173269,68442,128118,4971129,960116,0,129532,0
2021/6/16,1760768,1806942,1136578,427703,573296,177139,69616,131278,5115577,967743,144448,7627,0
2021/6/17,1800225,1847405,1163631,437650,584444,180036,71894,134045,5248567,970763,132990,3020,0
2021/6/18,1842016,1887523,1193777,448818,594777,183148,74163,136444,5381232,979434,132665,8671,0
2021/6/19,1879512,1924185,1222158,458416,605006,186779,76795,138625,5509804,981672,128572,2238,0
2021/6/20,1896789,1942567,1234729,463838,610836,189815,77131,140324,5574357,981672,64553,0,0
2021/6/21,1899138,1955144,1242749,467172,615336,192048,77140,142014,5315261,1275480,0,293808,0
2021/6/22,1936373,1991642,1267076,480236,625330,195422,79218,144087,5437689,1281695,122428,6215,0
2021/6/23,1975662,2032703,1296612,490932,637360,199227,81502,146278,5577097,1283179,139408,1484,0
2021/6/24,2015389,2071004,1326479,501920,649805,202933,83442,148226,5712282,1286916,135185,3737,0
2021/6/25,2058395,2106734,1356288,513151,660353,206483,85687,150541,5848204,1289428,135922,2512,0
2021/6/26,2094275,2140468,1381602,522789,669818,208907,86959,152787,5966591,1291014,118387,1586,0
2021/6/27,2114523,2158147,1395997,528106,676108,211874,87219,154346,6035179,1291141,68588,127,0
2021/6/28,2127175,2172874,1404194,531746,681791,213575,87562,155749,5725702,1648964,0,357823,0
2021/6/29,2165270,2212364,1428153,540128,691433,216149,89251,157952,5824122,1676578,98420,27614,0
2021/6/30,2211280,2247466,1460704,550281,705080,219376,90929,160469,5959760,1685825,135638,9247,0
2021/7/1,2259743,2286094,1499468,561890,719784,222969,93768,163259,6109102,1633434,149342,0,0
2021/7/2,2312628,2323557,1538031,574362,733211,226413,95966,165985,6201288,1726030,92186,92596,0
2021/7/3,2362111,2360411,1569862,585487,747312,229802,97881,168783,6274108,1807994,72820,81964,0
2021/7/4,2388405,2379795,1584163,591399,755728,232839,98047,170991,6319609,1855470,45501,47476,0
2021/7/5,2405852,2394238,1590602,595722,762393,234460,99093,173113,6319609,1855470,0,0,0
2021/7/6,2453560,2435641,1617964,605775,774361,237982,101125,175783,6319609,1855470,0,0,0
2021/7/7,2505554,2479835,1651744,617254,789098,241909,103597,178675,6319609,1855470,0,0,0
2021/7/8,2556204,2503939,1687906,623520,803189,244851,106156,181034,6319609,1855470,0,0,0
2021/7/9,2612157,2538226,1722297,640258,817334,248709,108487,184104,6645987,2180230,326378,324760,0
2021/7/10,2663160,2569618,1751988,650094,829985,251259,109788,186655,6716753,2254272,70766,74042,0
2021/7/11,2692223,2590328,1766217,656446,839282,253951,110412,189110,6766161,2303513,49408,49241,0
2021/7/12,2708148,2605120,1772830,660535,845675,256089,110414,191006,6797698,2325386,31537,21873,0
2021/7/13,2763146,2645161,1800895,670656,857559,259588,112991,194030,6868754,2400432,71056,75046,0
2021/7/14,2826601,2677576,1835564,682153,872330,262737,115168,197016,6949783,2488298,81029,87866,0
2021/7/15,2885109,2713151,1868999,694463,886969,265908,117555,199653,7029936,2578152,80153,89854,0
2021/7/16,2951810,2750741,1904850,705922,901260,269522,120231,202473,7189366,2753119,159430,174967,0
2021/7/17,3014454,2789969,1933767,717255,914883,273000,122189,205229,7189366,2753119,0,0,0
2021/7/18,3051027,2814826,1948665,723668,923826,275697,122344,207393,7243534,2801465,54168,48346,0
2021/7/19,3071491,2831570,1954201,728716,930764,277290,122738,208763,7274468,2827855,30934,26390,0
2021/7/20,3136532,2877099,1979964,738647,944336,281650,124741,212475,7363089,2906341,88621,78486,0
2021/7/21,3203383,2914350,2013169,751296,960030,285057,127332,215416,7448618,2994218,85529,87877,0
2021/7/22,3268288,2960809,2045305,765579,977421,288545,129644,218972,7548111,3089644,99493,95426,0
2021/7/23,3343940,3008312,2078672,779059,994076,292616,131715,222603,7642984,3182918,94873,93274,0
2021/7/24,3414132,3052491,2109763,792104,1009365,296597,132259,226124,7738791,3271447,95807,88529,0
2021/7/25,3454832,3080933,2124211,799665,1019270,299229,133145,229226,7802517,3326691,63726,55244,0
2021/7/26,3478281,3102461,2131097,805033,1028145,301471,133505,231454,7840293,3358477,37776,31786,0
2021/7/27,3549677,3150802,2158284,816929,1044612,305117,135574,235789,7933924,3444461,93631,85984,0
2021/7/28,3626604,3193925,2192459,830905,1063108,309408,137746,239611,8025272,3544484,91348,100023,0
2021/7/29,3705923,3237528,2227195,844675,1083196,313063,140377,243279,8137548,3656540,112276,112056,0
2021/7/30,3789560,3283466,2262980,858606,1103588,317688,142917,247173,8237020,3762007,99472,105467,0
2021/7/31,3871780,3328746,2296677,871282,1121991,319801,145506,250901,8344012,3865785,106992,103778,0
2021/8/1,3917541,3357034,2310240,877541,1133761,320995,146119,254426,8407015,3927056,63003,61271,0
2021/8/2,3943499,3376541,2318381,881935,1143288,326483,146363,257403,8445404,3964723,38389,37667,0
2021/8/3,4028122,3421777,2353085,894547,1159230,329781,146815,261094,8537516,4061924,92112,97201,0
2021/8/4,4112667,3463544,2397360,907933,1178096,334710,149207,264881,8644506,4174026,106990,112102,0
2021/8/5,4196287,3509483,2444845,923067,1197753,337499,152392,268931,8751409,4289820,106903,115794,0
2021/8/6,4289913,3558221,2494802,936641,1219325,342993,155584,272817,8872330,4408805,120921,118985,0
2021/8/7,4379412,3608336,2540849,949738,1238682,344523,157785,277030,8990538,4526588,118208,117783,0
2021/8/8,4437729,3640779,2563018,958065,1251862,345908,159162,280057,9061739,4611321,71201,84733,0
2021/8/9,4463212,3666004,2574040,963579,1261320,351907,159449,283635,9108510,4651958,46771,40637,0
2021/8/10,4561456,3723540,2611978,976374,1279264,356270,161715,287448,9217113,4761140,108603,109182,0
2021/8/11,4668048,3779009,2659429,991636,1299320,360965,164218,291384,9352280,4892237,135167,131097,0
2021/8/12,4773112,3840615,2706120,1007035,1321442,365219,167128,295652,9484184,5023297,131904,131060,0
2021/8/13,4879443,3904881,2754935,1023217,1343902,371155,169836,299852,9618874,5158400,134690,135103,0
2021/8/14,4985038,3970074,2801356,1037534,1365306,375422,172462,304831,9760508,5295788,141634,137388,0
2021/8/15,5050672,4012922,2826160,1045604,1379349,378739,172849,308904,9847969,5372888,87461,77100,0
2021/8/16,5170324,3981941,2837758,1040250,1394495,379599,178041,356518,9905472,5409686,57503,36798,0
2021/8/17,5276446,4061751,2876133,1054392,1419617,383701,179887,366464,10051748,5542237,146276,132551,0
2021/8/18,5385996,4125491,2921725,1070054,1443442,388483,182477,374592,10195842,5671442,144094,129205,0
2021/8/19,5518435,4194225,2971842,1087147,1472445,393152,185907,378117,10359796,5815832,163954,144390,0
2021/8/20,5639016,4264873,3019057,1103513,1500949,398951,189285,388930,10519590,5958723,159794,142891,0
2021/8/21,5766280,4335571,3070343,1120467,1526517,403462,192173,400285,10684738,6103421,165148,144698,0
2021/8/22,5845663,4385028,3101250,1130060,1545499,407406,193554,402639,10793183,6190566,108445,87145,0
2021/8/23,5905429,4420162,3120611,1135674,1561013,409540,194095,404130,10882390,6240640,89207,50074,0
2021/8/24,6030074,4488144,3156625,1150816,1585766,414063,195808,419300,11043784,6368421,161394,127781,0
2021/8/25,6160858,4562243,3203908,1167534,1613472,419038,198193,422541,11210096,6508204,166312,139783,0
2021/8/26,6303835,4641562,3256849,1185898,1640419,424531,201021,429092,11391093,6661200,180997,152996,0
2021/8/27,6442295,4692544,3311638,1203284,1668046,430077,203882,438531,11550262,6808469,159169,147269,0
2021/8/28,6580989,4766482,3358948,1220040,1696090,435371,206125,442582,11724184,6950122,173922,141653,0
2021/8/29,6649399,4852288,3389617,1229848,1713949,440085,207545,444582,11850205,7044253,126021,94131,0
2021/8/30,6721343,4892786,3410142,1236435,1727938,443001,208029,446067,11956986,7095576,106781,51323,0
2021/8/31,6869640,4934476,3444758,1250903,1750227,448160,209927,454575,12106618,7222529,149632,126953,0
2021/9/1,6990810,5039494,3491117,1267807,1774772,454505,212372,466621,12293802,7369320,187184,146791,0
2021/9/2,7130724,5121177,3540050,1284780,1801774,460401,215168,474010,12480413,7512554,186611,143234,0
2021/9/3,7245450,5199809,3589800,1302917,1828813,465890,217462,479342,12640002,7653638,159589,141084,0
2021/9/4,7374708,5279160,3636463,1320741,1853279,471297,219720,486390,12811797,7793356,171795,139718,0
2021/9/5,7469406,5330721,3667531,1330093,1870753,475347,220682,490820,12938761,7879487,126964,86131,0
2021/9/6,7528123,5375379,3656052,1338837,1883943,481557,211848,429434,13023788,7924726,85027,45239,0
2021/9/7,7614612,5440138,3724991,1351041,1907622,480742,223284,502505,13160225,8046566,136437,121840,0
2021/9/8,7722067,5523187,3772194,1367833,1932916,485017,225911,510461,13313703,8186949,153478,140383,0
2021/9/9,7836130,5608792,3822564,1387462,1959390,491056,228590,516970,13480795,8330598,167092,143649,0
2021/9/10,7957312,5695690,3872434,1406038,1986073,497610,231463,523391,13646933,8482722,166138,152124,0
2021/9/11,8076292,5776635,3922389,1422422,2009846,501812,234043,530124,13800869,8631565,153936,148843,0
2021/9/12,8140417,5836317,3957189,1432263,2026027,506472,235084,535603,13907333,8720390,106464,88825,0
2021/9/13,8177988,5881075,3980510,1439865,2039416,506654,235794,541271,13986743,8773858,79410,53468,0
2021/9/14,8293740,5952088,4017544,1456408,2060040,513811,237904,547214,14120010,8915972,133267,142114,0
2021/9/15,8397217,6029086,4062693,1472923,2082761,520442,239810,557808,14258694,9060432,138684,144460,0
2021/9/16,8555561,6130661,4125703,1492154,2109125,526925,245115,566678,14394374,9209276,135680,148844,0
2021/9/17,8662819,6217664,4177748,1508852,2132901,532859,247450,573770,14531341,9353173,136967,143897,0
2021/9/18,8803283,6308276,4228916,1526380,2155680,538128,250052,581723,14676548,9521483,145207,168310,0
2021/9/19,8884534,6378585,4265436,1537040,2171736,543000,251160,587983,14777650,9624053,101102,102570,0
2021/9/20,8930667,6433172,4306003,1545604,2185191,546049,252074,593294,14865312,9690933,87662,66880,0
2021/9/21,9057367,6521572,4359871,1561320,2207465,551366,253774,600487,15002990,9842760,137678,151827,0
2021/9/22,9186871,6614096,4408016,1578880,2232710,556546,255838,612275,15140888,10006715,137898,163955,0
2021/9/23,9312486,6710394,4461548,1597484,2258301,563831,258282,620191,15284282,10170251,143394,163536,0
2021/9/24,9439214,6812272,4519251,1615405,2284878,569583,260746,628964,15430710,10340279,146428,170028,0
2021/9/25,9579725,6873002,4570657,1632535,2310144,574758,263432,637335,15549125,10505721,118415,165442,0
2021/9/26,9665303,6932693,4605622,1643908,2324519,579355,264334,645227,15633342,10616323,84217,110602,0
2021/9/27,9705842,6982207,4632371,1652188,2335467,581818,265069,651381,15695827,10684489,62485,68166,0
2021/9/28,9833697,7073499,4675079,1669530,2344901,586402,266601,660057,15811951,10840368,116124,155879,0
2021/9/29,9962821,7163565,4726759,1687128,2370640,591258,268074,671451,15935280,11015864,123329,175496,0
2021/9/30,10077159,7248276,4778597,1705268,2397174,596061,270366,677600,16052198,11176598,116918,160734,0
2021/10/1,10198922,7342535,4837505,1723737,2425534,602909,272408,688080,16177794,11357591,125596,180993,0
2021/10/2,10323361,7433985,4892020,1741165,2450959,606793,274190,696874,16291373,11539628,113579,182037,0
2021/10/3,10387545,7506183,4927434,1751598,2469969,608473,275078,704456,16364525,11654963,73152,115335,0
2021/10/4,10417307,7556200,4954523,1760269,2485296,609278,275714,710686,16414917,11729623,50392,74660,0
2021/10/5,10439459,7652537,4973774,1767376,2509790,619326,277222,715531,16483098,11827707,68181,98084,0
2021/10/6,10579684,7748137,5024572,1787693,2536309,624391,278478,726607,16592771,12032883,109673,205176,0
2021/10/7,10699666,7844385,5081978,1808113,2563237,629728,280334,734989,16698532,12228295,105761,195412,0
2021/10/8,10815590,7939686,5139008,1827995,2590967,634396,282080,743329,16799188,12423475,100656,195180,0
2021/10/9,10937104,8037439,5190161,1847065,2619175,639476,284067,749863,16893985,12624525,94797,201050,0
2021/10/10,11012744,8118413,5226727,1859448,2638818,643808,284740,756059,16953597,12770641,59612,146116,0
2021/10/11,11055061,8175899,5261080,1868871,2652724,647591,285073,760548,16995261,12871326,41664,100685,0
2021/10/12,11173538,8266941,5310715,1886422,2677377,651854,286577,767058,17078268,13065338,83007,194012,0
2021/10/13,11297922,8364244,5364073,1906103,2705016,657574,288110,775567,17165726,13277565,87458,212227,0
2021/10/14,11410857,8461861,5411411,1925229,2733698,663722,290246,782358,17246482,13482106,80756,204541,0
2021/10/15,11512979,8561187,5463034,1943749,2761126,670360,292476,789830,17327917,13677018,81435,194912,0
2021/10/16,11609224,8660380,5509097,1961285,2789430,675411,294807,796801,17404811,13865628,76894,188610,0
2021/10/17,11658338,8737605,5538654,1972963,2807448,680210,295712,803189,17447652,13989722,42841,124094,0
2021/10/18,11699455,8793444,5565755,1981978,2825000,683857,296300,808136,17484082,14089671,36430,99949,0
2021/10/19,11781113,8893738,5608691,2000010,2846028,689990,298490,816238,17551586,14264033,67504,174362,0
2021/10/20,11854499,8995328,5654715,2017764,2868886,696790,300750,823438,17622159,14435341,70573,171308,0
2021/10/21,11924554,9093905,5706265,2035423,2892694,703014,303098,830532,17692487,14605501,70328,170160,0
2021/10/22,11993468,9195931,5756634,2052656,2920047,707609,305479,838497,17761724,14779001,69237,173500,0
2021/10/23,12060181,9295489,5808992,2068661,2945504,711908,307539,845908,17825212,14951159,63488,172158,0
2021/10/24,12099297,9372914,5842465,2082875,2964850,715403,308382,852293,17866623,15070088,41411,118929,0
2021/10/25,12114895,9421011,5878029,2092321,2976507,717621,308836,855730,17899161,15140516,32538,70428,0
2021/10/26,12161306,9508547,5925947,2107140,3000632,721938,310789,864273,17957743,15283915,58582,143399,0
2021/10/27,12208576,9586418,5974248,2123915,3026103,726141,312573,870592,18013966,15424620,56223,140705,0
2021/10/28,12256807,9657191,6022564,2142698,3049472,730391,314746,875786,18066911,15561757,52945,137137,0
2021/10/29,12305282,9728832,6075199,2160487,3074925,734817,316787,880858,18120003,15703422,53092,141665,0
2021/10/30,12352238,9798649,6115306,2178509,3100052,738651,318877,884852,18165610,15834300,45607,130878,0
2021/10/31,12377745,9850522,6144165,2190507,3118062,741572,319516,887878,18193453,15921622,27843,87322,0
2021/11/1,12388972,9877332,6168639,2198585,3128267,744681,319790,889465,18213087,15971302,19634,49680,0
2021/11/2,12427677,9936404,6211782,2214083,3150421,747231,321615,892833,18254712,16103209,41625,131907,0
2021/11/3,12470684,9953423,6253543,2228817,3169632,751281,323255,898820,18288340,16189752,33628,86543,0
2021/11/4,12510509,10012528,6293712,2245362,3185161,756082,325414,902455,18322580,16304118,34240,114366,0
2021/11/5,12546950,10069570,6332376,2261973,3208440,760059,327606,906082,18358666,16414885,36086,110767,0
2021/11/6,12584827,10124084,6372549,2278721,3236280,764557,332113,909396,18396159,16529897,37493,115012,0
2021/11/7,12600216,10156138,6394027,2289946,3253068,768476,334221,911319,18416496,16591030,20337,61133,0
2021/11/8,12606343,10171771,6414407,2297946,3264412,770848,335304,912806,18431249,16628469,14753,37439,177421
2021/11/9,12636451,10213752,6449037,2312676,3286351,774970,339422,915716,18461834,16721080,30585,92611,13797
2021/11/10,12664241,10252230,6484734,2326706,3305721,780892,343053,920222,18493821,16808914,31987,87834,15708
2021/11/11,12689476,10289435,6531023,2341391,3325889,784965,346585,923168,18533001,16894840,39180,85926,14764
2021/11/12,12714183,10326790,6584815,2355746,3347269,789082,349946,926104,18577461,16982251,44460,87411,15077
2021/11/13,12737959,10365165,6637966,2370387,3367922,793184,353125,928456,18620763,17069077,43302,86826,14526
2021/11/14,12747299,10386318,6669009,2380433,3382179,795695,354034,929734,18645026,17116925,24263,47848,6169
2021/11/15,12750482,10395969,6699748,2387260,3389687,797962,354481,930472,18663788,17147602,18762,30677,3176
2021/11/16,12769631,10425787,6748062,2401195,3410042,801601,356817,932993,18702525,17224275,38737,76673,10822
2021/11/17,12787441,10452833,6795408,2415922,3430024,806189,359258,935487,18739662,17298865,37137,74590,13377
2021/11/18,12805178,10478453,6838625,2430439,3448676,809839,361985,937844,18775123,17367406,35461,68541,14004
2021/11/19,12821258,10503745,6882937,2445385,3468820,812076,364581,940146,18810096,17435315,34973,67909,13498
2021/11/20,12836690,10523850,6922112,2460812,3488466,818383,366870,942230,18840794,17501131,30698,65816,11946
2021/11/21,12842546,10540037,6945816,2471885,3500016,820357,367570,943273,18859339,17538397,18545,37266,7449
2021/11/22,12844155,10542678,6951772,2478288,3505964,820482,367901,943620,18866665,17550642,7326,12245,1729
2021/11/23,12858357,10574960,7004664,2493900,3525375,824236,369756,946141,18902618,17626863,35953,76221,13124
2021/11/24,12873503,10592650,7039184,2509097,3543379,827980,371721,948535,18931391,17682674,28773,55811,15103
2021/11/25,12886538,10612165,7073994,2523145,3560329,831506,373700,950566,18959596,17737508,28205,54834,13945
2021/11/26,12900336,10632643,7106075,2537335,3577905,835386,375548,952623,18986280,17792522,26684,55014,14990
2021/11/27,12914562,10652938,7138279,2549853,3595677,838717,377704,954503,19011237,17846724,24957,54202,15073
2021/11/28,12919501,10661115,7154657,2558537,3606036,840428,378398,955170,19024215,17872982,12978,26258,6166
2021/11/29,12921201,10664601,7168341,2563363,3612362,842144,378744,955850,19033536,17889553,9321,16571,3298
2021/11/30,12934914,10681153,7196060,2575294,3631147,844738,380771,957776,19056282,17938056,22746,48503,15422
2021/12/1,12948843,10695099,7223572,2586810,3649502,847582,382625,960008,19078410,17983404,22128,45348,18361
2021/12/2,12962486,10709919,7253938,2597668,3666053,850260,384745,961780,19098577,18028386,20167,44982,21055
2021/12/3,12977199,10725284,7289558,2607866,3682329,853433,386469,963795,19117974,18075964,19397,47578,25252
2021/12/4,12993407,10740802,7322649,2618015,3698816,856676,388228,965755,19136123,18122443,18149,46479,26492
2021/12/5,12998858,10747953,7341520,2623996,3708138,857465,388803,966627,19145592,18147462,9469,25019,10102
2021/12/6,13000675,10751059,7356778,2627267,3713031,859014,388949,967198,19152475,18163730,6883,16268,5046
2021/12/7,13015133,10764263,7386573,2635984,3727629,861186,390327,969746,19168755,18205756,16280,42026,22154
2021/12/8,13029027,10776363,7419628,2645125,3740912,864536,391770,971897,19185270,18247994,16515,42238,24434
2021/12/9,13043445,10789666,7456955,2655158,3754101,867536,393498,974123,19202532,18292175,17262,44181,28272
2021/12/10,13058642,10803253,7493594,2664551,3767535,872237,395056,976306,19219699,18335558,17167,43383,30039
2021/12/11,13075717,10817486,7518949,2673694,3780329,876215,396609,978558,19233638,18372707,13939,37149,29276
2021/12/12,13083075,10824278,7537756,2679002,3788412,877869,396974,979528,19241912,18394068,8274,21361,16000
2021/12/13,13086155,10829393,7542412,2682633,3792857,878896,397233,980218,19245624,18402326,3712,8258,10290
2021/12/14,13115209,10855641,7604821,2694730,3809326,881253,398886,983695,19264759,18454334,19135,52008,74325
2021/12/15,13150881,10886515,7657016,2708507,3827972,884369,400539,989677,19281878,18496498,17119,42164,96440
2021/12/16,13194149,10922708,7712811,2724109,3848107,890683,402806,993517,19299597,18538700,17719,42202,117476
2021/12/17,13242009,10962348,7775816,2739944,3868928,895933,405049,997733,19317656,18581423,18059,42723,131422
2021/12/18,13296286,11004195,7842436,2754525,3890079,900122,407177,1002093,19335674,18624009,18018,42586,140881
2021/12/19,13323798,11022565,7877589,2762641,3900785,902251,407691,1002093,19345519,18645336,9845,21327,70883
2021/12/20,13337536,11032378,7899467,2768459,3906932,905918,408114,1007085,19353023,18658702,7504,13366,40940
2021/12/21,13389445,11076979,7949200,2783206,3929242,910583,410089,1011887,19368040,18689826,15017,31124,141930
2021/12/22,13444529,11124558,8002861,2798770,3951054,916490,412154,1017544,19383270,18719262,15230,29436,156690
2021/12/23,13504770,11174152,8057588,2813941,3974168,921823,414523,1022902,19398219,18747144,14949,27882,167288
2021/12/24,13559946,11217189,8104932,2826322,3996127,927530,416517,1028233,19412143,18771945,13924,24801,148783
2021/12/25,13559946,11217189,8104932,2826322,3996127,927530,416517,1028233,19412143,18771945,0,0,0
2021/12/26,13559946,11217189,8104932,2826322,3996127,927530,416517,1028233,19412143,18771945,0,0,0
2021/12/27,13604683,11241408,8142308,2835375,4015250,931034,417815,1033195,19425173,18792282,13030,20337,109203
2021/12/28,13612604,11247055,8146157,2839325,4023826,931389,418154,1033717,19428493,18796999,3320,4717,23452
2021/12/29,13621571,11252128,8153596,2844524,4033077,931765,418265,1034527,19432639,18802753,4146,5754,27752
2021/12/30,13661721,11281728,8183024,2859105,4062629,934023,419271,1036926,19443948,18824390,11309,21637,112480
2021/12/31,13699859,11312029,8223175,2875069,4091426,937239,420574,1039335,19456324,18845485,12376,21095,123054
2022/1/1,13699859,11312029,8223175,2875069,4091426,937239,420574,1039335,19456324,18845485,0,0,0
2022/1/2,13699859,11312029,8223175,2875069,4091426,937239,420574,1039335,19456324,18845485,0,0,0
2022/1/3,13758731,11340028,8269435,2893768,4120530,940782,421788,1041938,19471616,18867423,15292,21938,149654
2022/1/4,13770397,11348477,8276257,2899672,4131022,941193,422061,1042454,19475425,18872228,3809,4805,36319
2022/1/5,13824618,11401280,8317060,2920414,4165444,944531,423807,1046876,19485974,18894113,10549,21885,176223
2022/1/6,13894098,11462132,8378134,2942298,4201791,948742,426325,1052863,19497499,18917536,11525,23423,222565
2022/1/7,13965323,11525658,8440769,2963635,4239628,956138,428867,1059637,19509849,18940327,12350,22791,232586
2022/1/8,14040845,11586902,8500347,2983575,4277321,962263,431999,1065709,19521307,18962396,11458,22069,226977
2022/1/9,14088207,11624659,8534443,2995240,4300652,967517,433100,1069280,19528447,18975245,7140,12849,141208
2022/1/10,14116780,11648299,8552797,3004576,4312916,971500,433877,1072256,19533399,18983334,4952,8089,85967
2022/1/11,14200849,11718096,8606005,3025026,4351946,977565,437096,1072256,19544139,19004667,10740,21333,215355
2022/1/12,14300038,11799698,8678957,3047169,4392094,984875,440112,1087190,19555986,19020349,11847,15682,242629
2022/1/13,14404691,11883563,8751588,3071339,4433350,992944,443755,1095252,19567504,19038946,11518,18597,254112
2022/1/14,14508655,11969053,8821677,3095599,4476226,1002019,447242,1103083,19578905,19057032,11401,18086,254515
2022/1/15,14610705,12053576,8890075,3119318,4519243,1008739,450581,1110524,19591027,19074071,12122,17039,245772
2022/1/16,14668888,12102240,8924242,3133091,4545169,1013343,451683,1115357,19597960,19082286,6933,8215,133855
2022/1/17,14696355,12131999,8947442,3143743,4558876,1019062,452560,1119255,19602663,19087193,4703,4907,77181
2022/1/18,14804102,12211302,9002664,3165952,4602828,1027487,454755,1129206,19613867,19101035,11204,13842,241498
2022/1/19,14905674,12288220,9063410,3189443,4643434,1033857,457921,1138296,19625069,19114414,11202,13379,236338
2022/1/20,15008190,12367716,9125237,3214372,4687116,1042328,461527,1146577,19635877,19128576,10808,14162,245260
2022/1/21,15111535,12462436,9187878,3241019,4733431,1049190,464659,1156105,19646072,19143464,10195,14888,264764
2022/1/22,15212316,12555133,9246026,3265428,4774952,1056120,467647,1164585,19654696,19157236,8624,13772,252337
2022/1/23,15267860,12614595,9274331,3280912,4798758,1058658,468851,1170118,19658969,19164031,4273,6795,143917
2022/1/24,15293210,12654589,9293679,3291663,4813929,1063963,469778,1174449,19662674,19168840,3705,4809,86995
2022/1/25,15392650,12742368,9345897,3314334,4855317,1070863,472352,1183946,19670070,19180099,7396,11259,246854
2022/1/26,15484313,12832241,9402447,3338889,4897583,1077397,475101,1193635,19678428,19193031,8358,12932,247988
2022/1/27,15495584,12861478,9417349,3346302,4909772,1079979,475848,1198003,19681437,19197858,3009,4827,59751
2022/1/28,15584702,12942954,9472620,3368049,4952116,1085014,478347,1206178,19688502,19212724,7065,14866,232867
2022/1/29,15684421,13021483,9526693,3388799,4993438,1089335,481061,1213571,19695471,19228014,6969,15290,235009
2022/1/30,15735827,13071768,9552273,3400702,5017782,1094005,482292,1218197,19699327,19237151,3856,9137,130192
2022/1/31,15755021,13101350,9567307,3407810,5031564,1096853,482939,1221291,19702393,19243057,3066,5906,65520
2022/2/1,15828350,13168998,9609175,3425457,5071901,1103026,485341,1233923,19709528,19258399,7135,15342,206804
2022/2/2,15907281,13235180,9654355,3444026,5113624,1109102,487626,1241713,19717125,19272166,7597,13767,220311
2022/2/3,15976241,13301486,9702999,3462374,5152726,1114718,489984,1249344,19724475,19285421,7350,13255,226997
2022/2/4,16047536,13365429,9747698,3479829,5193869,1120831,492214,1256873,19731415,19298137,6940,12716,212610
2022/2/5,16113704,13431810,9793225,3496473,5232139,1126521,494662,1264222,19737330,19310807,5915,12670,207231
2022/2/6,16139464,13473301,9812528,3506704,5255505,1129342,495548,1268945,19740660,19317584,3330,6777,103003
2022/2/7,16149327,13498349,9824980,3512667,5268326,1130848,496113,1271445,19743217,19321803,2557,4219,56141
2022/2/8,16208281,13560095,9857710,3526566,5301636,1135121,497931,1281980,19749099,19332593,5882,10790,184868
2022/2/9,16273302,13619932,9893830,3540504,5334384,1140124,499674,1288695,19755477,19343752,6378,11159,188793
2022/2/10,16332970,13678869,9931728,3554503,5366745,1145209,501589,1294353,19761930,19355377,6453,11625,183129
2022/2/11,16387789,13736136,9965017,3567653,5398901,1150347,503094,1299559,19767616,19366131,5686,10754,173062
2022/2/12,16442035,13793556,9999864,3581254,5430979,1154850,505155,1304772,19773060,19376508,5444,10377,174198
2022/2/13,16466130,13829079,10014812,3589175,5451250,1157078,505990,1308021,19775801,19381353,2741,4845,90208
2022/2/14,16475815,13845857,10022264,3592817,5461423,1157261,506506,1309479,19777742,19384165,1941,2812,41626
2022/2/15,16522419,13893050,10047460,3603286,5488927,1160861,508048,1317649,19782999,19393080,5257,8915,144512
2022/2/16,16565759,13936359,10075153,3614342,5514070,1165057,509575,1318453,19788248,19401972,5249,8892,139440
2022/2/17,16604324,13978570,10101266,3625447,5539225,1169361,510950,1329896,19793600,19409879,5352,7907,136476
2022/2/18,16643523,14018105,10126818,3636478,5566178,1172310,512519,1334828,19799178,19418011,5578,8132,129526
2022/2/19,16685205,14060051,10152271,3646601,5592675,1177379,514221,1339166,19805439,19426016,6261,8005,131432
2022/2/20,16703369,14086267,10164437,3653144,5611948,1179390,514924,1342119,19808897,19430103,3458,4087,71786
2022/2/21,16710693,14100573,10169506,3656142,5621683,1179529,515340,1343751,19811149,19432658,2252,2555,34419
2022/2/22,16745287,14137666,10190484,3665469,5647860,1184854,516478,1351086,19819101,19440616,7952,7958,118951
2022/2/23,16779010,14171827,10213833,3674724,5672159,1187783,517595,1355753,19827497,19448146,8396,7530,111244
2022/2/24,16808928,14203296,10234482,3684224,5696885,1190979,518806,1360119,19835241,19455450,7744,7304,104040
2022/2/25,16838450,14235238,10254894,3693351,5721919,1194269,520042,1364253,19842461,19462619,7220,7169,103641
2022/2/26,16870085,14266133,10273198,3702037,5747663,1197159,521234,1368014,19848739,19469278,6278,6659,102031
2022/2/27,16884423,14284567,10280893,3707513,5764500,1198604,521832,1370393,19852139,19472659,3400,3381,54306
2022/2/28,16890143,14293590,10283337,3710016,5773566,1199640,522025,1371266,19854314,19474877,2175,2218,25329
2022/3/1,16917392,14318949,10294100,3717773,5796726,1202059,523014,1377002,19860323,19481068,6009,6191,85691
2022/3/2,16939829,14340743,10307371,3724249,5817118,1203816,524047,1381247,19865636,19486780,5313,5712,75165
2022/3/3,16960666,14360920,10320475,3731083,5836908,1206558,525137,1384223,19870785,19492594,5149,5814,72074
2022/3/4,16981855,14381562,10333457,3737344,5856442,1209441,526457,1386856,19875702,19498029,4917,5435,70962
2022/3/5,17005277,14403267,10347759,3743903,5876507,1211769,527618,1389483,19880344,19503160,4642,5131,74172
2022/3/6,17017041,14417796,10354498,3747785,5888223,1212832,528150,1391147,19882812,19505797,2468,2637,38905
2022/3/7,17021406,14424387,10358189,3749625,5893449,1212965,528356,1392034,19884579,19507524,1767,1727,16923
2022/3/8,17045294,14446870,10372369,3756037,5897130,1217181,529424,1394935,19888505,19511428,3926,3904,52751
2022/3/9,17067193,14468674,10388719,3762264,5914617,1219465,530558,1398277,19893277,19516706,4772,5278,57975
2022/3/10,17090704,14491310,10404326,3768809,5930975,1221574,531867,1401592,19897481,19522051,4204,5345,56305
2022/3/11,17114909,14514103,10421686,3775424,5945723,1224162,533295,1404769,19901223,19527362,3742,5311,56899
2022/3/12,17143966,14541141,10439876,3782941,5962859,1226524,534850,1409850,19905014,19532949,3791,5587,64075
2022/3/13,17163054,14560832,10453072,3788224,5974586,1228045,535432,1411276,19907080,19535816,2066,2867,33246
2022/3/14,17169584,14569656,10460185,3791145,5979433,1230262,535792,1413058,19908873,19537741,1793,1925,14145
2022/3/15,17197852,14577349,10475462,3793357,5995350,1232234,536860,1415075,19912376,19542922,3503,5181,39418
2022/3/16,17222728,14602472,10492368,3801183,6010237,1235496,538098,1418454,19916161,19549742,3785,6820,53208
2022/3/17,17249310,14625205,10508548,3808386,6024151,1237866,539356,1422379,19920041,19556367,3880,6625,50080
2022/3/18,17275711,14646824,10525198,3815495,6038505,1240154,540763,1425372,19923628,19562389,3587,6022,50019
2022/3/19,17305381,14671403,10543243,3822813,6052731,1242880,541969,1428498,19927047,19568079,3419,5690,53234
2022/3/20,17323548,14691758,10555483,3828992,6063269,1244298,542634,1430113,19929071,19570995,2024,2916,28521
2022/3/21,17331174,14702408,10561241,3832455,6067846,1246392,543035,1432090,19930712,19572746,1641,1751,12706
2022/3/22,17356277,14707068,10575577,3838774,6080341,1249814,543991,1435082,19934359,19578148,3647,5402,45884
2022/3/23,17380393,14745376,10591278,3844641,6092037,1252101,544921,1438292,19937930,19583711,3571,5563,45791
2022/3/24,17399288,14763092,10604699,3850003,6102986,1254558,546050,1441240,19941160,19588690,3230,4979,43218
2022/3/25,17421878,14782681,10619356,3856412,6114560,1256404,547220,1443877,19944440,19593494,3280,4804,45063
2022/3/26,17447023,14804353,10635154,3862928,6125923,1258586,548282,1446665,19947269,19598067,2829,4573,47475
2022/3/27,17462701,14821939,10645385,3868100,6134517,1259450,548875,1448769,19949020,19600378,1751,2311,24754
2022/3/28,17469205,14830329,10650459,3871053,6138216,1261625,549207,1450059,19950701,19601978,1681,1600,11602
2022/3/29,17490380,14848778,10663027,3876458,6147857,1264406,550063,1452615,19953959,19606424,3258,4446,40907
2022/3/30,17508486,14864933,10675454,3881039,6157095,1266212,550931,1455289,19956946,19610710,2987,4286,38269
2022/3/31,17525010,14879325,10688756,3885528,6165748,1268332,551833,1457523,19960032,19615002,3086,4292,36920
2022/4/1,17543146,14893021,10701175,3890232,6174757,1269529,552837,1459401,19962723,19618907,2691,3905,34912
2022/4/2,17561714,14906291,10713115,3894858,6183809,1271085,553994,1461448,19965432,19622664,2709,3757,35078
2022/4/3,17572420,14917506,10719791,3898329,6190581,1271303,554484,1462650,19967064,19624678,1632,2014,17094
2022/4/4,17577002,14922731,10723085,3900179,6193405,1272838,554780,1463508,19968391,19625974,1327,1296,8055
2022/4/5,17593842,14935716,10734566,3903745,6201340,1274581,555507,1465869,19971461,19629575,3070,3601,30428
2022/4/6,17609625,14947931,10744969,3907371,6208516,1275611,556247,1469708,19974101,19632971,2640,3396,29362
2022/4/7,17625790,14960244,10755928,3910994,6215537,1276722,557123,1471533,19976733,19636360,2632,3389,28330
2022/4/8,17642170,14971518,10765741,3914869,6223003,1278176,557976,1473486,19979064,19639404,2331,3044,27883
2022/4/9,17659214,14983464,10777032,3918728,6230398,1279631,559026,1475465,19981454,19642609,2390,3205,28450
2022/4/10,17664930,14991169,10781515,3921213,6234485,1279775,559521,1476466,19983080,19644365,1626,1756,12072
2022/4/11,17667708,14995449,10783788,3922809,6236998,1279797,559746,1477270,19984419,19645737,1339,1372,6732
2022/4/12,17692590,15009767,10793795,3926314,6244282,1282065,560607,1479205,19987326,19648948,2907,3211,30946
2022/4/13,17711896,15022243,10804132,3929440,6251402,1283375,561589,1481228,19990043,19652086,2717,3138,26383
2022/4/14,17728257,15035265,10814059,3933202,6258859,1284585,562598,1483034,19992397,19654905,2354,2819,23207
2022/4/15,17745356,15048187,10825299,3937485,6266858,1285922,563815,1485051,19994654,19657818,2257,2913,24379
2022/4/16,17746510,15049820,10826000,3937661,6267193,1285922,563853,1485572,19994654,19658612,0,794,2078
2022/4/17,17748686,15051923,10827836,3938754,6270666,1286261,564154,1485866,19996210,19659598,351428,986,5175
2022/4/18,17749292,15052518,10828256,3939191,6271529,1286293,564167,1485992,19997186,19660566,976,968,1599
2022/4/19,17750968,15054342,10828995,3939495,6272715,1286867,564181,1486178,19998230,19661716,1044,1150,2865
2022/4/20,17768316,15069542,10840692,3944044,6281455,1288090,565722,1488919,20001081,19664923,2851,3207,21272
2022/4/21,17784982,15085029,10852434,3948713,6290915,1289684,567668,1491301,20003498,19667817,2417,2894,20577
2022/4/22,17803734,15100342,10864419,3953319,6299162,1291284,569888,1493514,20005528,19670333,2030,2516,20531
2022/4/23,17823166,15115523,10875959,3958191,6306860,1292952,571730,1495423,20007504,19672839,1976,2506,20279
2022/4/24,17831584,15122887,10879732,3960211,6311412,1293502,572360,1496305,20008872,19674434,1368,1595,9587
2022/4/25,17834675,15125557,10881712,3961223,6313460,1293779,572780,1496863,20010053,19675450,1181,1016,4787
2022/4/26,17835901,15127139,10882350,3961371,6313867,1293911,572811,1497164,20011056,19676448,1003,998,1877
2022/4/27,17854694,15142054,10895137,3966049,6322261,1295521,574070,1499176,20013411,19679235,2355,2787,17543
2022/4/28,17872168,15156568,10906725,3970977,6329444,1297467,574908,1501231,20015529,19681761,2118,2526,15896
2022/4/29,17890320,15170481,10917220,3975100,6336468,1299062,575783,1503404,20017353,19683926,1824,2165,15827
2022/4/30,17908097,15184513,10927793,3980004,6343346,1300958,576501,1505258,20019081,19686049,1728,2123,16141
2022/5/1,17915892,15190786,10930822,3981930,6347318,1301580,576711,1505969,20020299,19687358,1218,1309,7544
2022/5/2,17917702,15193238,10932435,3982837,6348727,1301768,576733,1506383,20021411,19688417,1112,1059,3028
2022/5/3,17934743,15205533,10932919,3986820,6355455,1303249,576774,1507862,20023088,19690365,1677,1948,11600
2022/5/4,17952240,15218906,10944345,3990905,6361951,1304699,577459,1509587,20025111,19692444,2023,2079,13559
2022/5/5,17971356,15233588,10956793,3996381,6367705,1306061,578049,1511455,20027016,19694620,1905,2176,13033
2022/5/6,17990337,15248202,10969506,4001822,6376286,1307727,578716,1513361,20028764,19696439,1748,1819,13653
2022/5/7,18008607,15262848,10981546,4006913,6383572,1309160,579238,1515908,20030286,19698019,1522,1580,13108
2022/5/8,18014475,15268509,10984713,4008810,6386768,1309613,579367,1516454,20031450,19699211,1164,1192,5589
2022/5/9,18016121,15270165,10985881,4009493,6387962,1309674,579377,1516624,20032530,19700155,1080,944,2227
2022/5/10,18034497,15283780,10996928,4014511,6395133,1311189,579908,1518116,20034445,19701938,1915,1783,12163
2022/5/11,18054443,15299086,11009884,4019881,6403014,1313112,580507,1520150,20036238,19703892,1793,1954,12265
2022/5/12,18075031,15314631,11022738,4025943,6410652,1314947,581058,1521812,20038061,19705834,1823,1942,11921
2022/5/13,18095741,15331198,11035795,4031461,6418706,1316774,581684,1523641,20039675,19707498,1614,1664,12176
2022/5/14,18114385,15346169,11046495,4036846,6426137,1318335,582136,1526449,20041311,19709065,1636,1567,12044
2022/5/15,18120039,15351688,11049371,4038831,6429478,1319060,582320,1526921,20042628,19710208,1317,1143,5286
2022/5/16,18123067,15354127,11050971,4039690,6430767,1319250,582326,1527023,20043639,19711181,1011,973,2740
2022/5/17,18141472,15368742,11061447,4045229,6437834,1320960,582774,1529407,20045696,19712854,2057,1673,11351
2022/5/18,18161275,15385579,11074536,4050399,6445406,1322761,583263,1531211,20047557,19714657,1861,1803,10890
2022/5/19,18182433,15402618,11087433,4056719,6453317,1324664,583786,1533019,20049383,19716538,1826,1881,11393
2022/5/20,18203878,15419752,11101148,4062097,6461163,1326428,584399,1534985,20051054,19718182,1671,1644,11270
2022/5/21,18222951,15435464,11113176,4067330,6467913,1328020,584805,1536705,20052632,19719664,1578,1482,11043
2022/5/22,18229057,15440782,11115533,4068951,6470666,1328903,584948,1537365,20053853,19720784,1221,1120,4835
2022/5/23,18231352,15443261,11116820,4069567,6471939,1329094,584966,1537624,20054894,19721751,1041,967,2257
2022/5/24,18248719,15456758,11126729,4074338,6477979,1330625,585403,1539481,20056775,19723507,1881,1756,9731
2022/5/25,18266873,15472391,11139433,4079492,6484728,1332131,585900,1541554,20058672,19725311,1897,1804,10186
2022/5/26,18285700,15487771,11151499,4084815,6491547,1333731,586435,1543289,20060488,19727009,1816,1698,9960
2022/5/27,18304506,15504509,11163720,4090019,6498739,1335329,586988,1544737,20062063,19728469,1575,1460,10257
2022/5/28,18323630,15519529,11174748,4095179,6504932,1336985,587438,1546510,20063528,19729808,1465,1339,10462
2022/5/29,18330495,15524454,11178165,4097202,6507797,1337424,587588,1547471,20064770,19730954,1242,1146,4782
2022/5/30,18332442,15526818,11180024,4098075,6508781,1337544,587605,1547859,20065866,19731959,1096,1005,2228
2022/5/31,18349186,15540321,11189488,4102674,6515032,1339340,587977,1548619,20067648,19733612,1782,1653,9564
2022/6/1,18367371,15555227,11201071,4107645,6521504,1340665,588502,1550208,20069572,19735299,1924,1687,9648
2022/6/2,18386051,15569715,11212810,4112475,6528096,1342151,588882,1551998,20071312,19737002,1740,1703,9731
2022/6/3,18405448,15584841,11223430,4116770,6534807,1343443,589246,1553964,20072807,19738421,1495,1419,9716
2022/6/4,18422883,15598569,11233786,4121085,6540636,1344929,589714,1555275,20074221,19739761,1414,1340,9082
2022/6/5,18428224,15603295,11236741,4122480,6542787,1345491,589833,1555849,20075309,19740838,1088,1077,3925
2022/6/6,18430432,15604964,11237870,4123115,6543483,1345627,589849,1556063,20076405,19741825,1096,987,1723
2022/6/7,18446699,15616932,11246577,4127358,6543961,1346862,590187,1557295,20078184,19743469,1779,1644,7545
2022/6/8,18463442,15631015,11257592,4132300,6549889,1348449,590668,1558688,20079944,19745279,1760,1810,8652
2022/6/9,18479969,15643969,11267253,4137138,6555643,1349898,591097,1560074,20081762,19747028,1818,1749,8309
2022/6/10,18497975,15657644,11277532,4141425,6561629,1351015,591474,1561476,20083189,19748365,1427,1337,24544
2022/6/11,18512690,15669779,11285487,4145281,6566359,1352066,591899,1562918,20084652,19749701,1463,1336,0
2022/6/12,18517350,15673493,11287704,4146537,6568286,1352427,592069,1563310,20085692,19750632,1040,931,3476
2022/6/13,18519369,15674717,11289078,4147090,6568953,1352625,592081,1563474,20086681,19751533,989,901,1705
2022/6/14,18520452,15675979,11296409,4147311,6573566,1352752,592092,1563797,20087977,19752733,1296,1200,2633
2022/6/15,18537273,15689115,11306064,4151224,6578284,1353940,592515,1565233,20089823,19754478,1846,1745,7703
2022/6/16,18553316,15701794,11314631,4155354,6583335,1355468,592855,1566545,20091508,19756196,1685,1718,7169
2022/6/17,18569557,15714734,11323645,4159920,6588200,1356552,593160,1567792,20093004,19757538,1496,1342,7216
2022/6/18,18584301,15725586,11331494,4163934,6592161,1357624,593415,1567792,20094444,19758939,1440,1401,7396
2022/6/19,18589066,15729415,11333379,4165287,6593809,1358354,593500,1569970,20095616,19760004,1172,1065,3216
2022/6/20,18590862,15730653,11334186,4165836,6594405,1358521,593509,1570087,20096591,19760983,975,979,1405
2022/6/21,18604038,15740440,11341390,4169442,6598416,1359737,593731,1571261,20098362,19762568,1771,1585,6686
2022/6/22,18619720,15751119,11349832,4173291,6602720,1361095,593992,1572598,20100031,19764180,1669,1612,7130
2022/6/23,18633362,15760949,11357847,4177642,6607173,1362414,594305,1573717,20101634,19765723,1603,1543,6687
2022/6/24,18648739,15771820,11366241,4181408,6611429,1363512,594530,1574981,20103114,19767070,1480,1347,7355
2022/6/25,18661452,15780872,11373465,4185135,6615289,1364593,594812,1576131,20104429,19768299,1315,1229,6685
2022/6/26,18665146,15783695,11375255,4186509,6616957,1364998,594881,1576485,20105570,19769306,1141,1007,2820
2022/6/27,18667055,15784993,11375879,4186989,6617591,1365231,594894,1576585,20106561,19770218,991,912,1465
2022/6/28,18678774,15792669,11382002,4189976,6620964,1366297,595080,1577717,20108188,19771712,1627,1494,6504
2022/6/29,18691343,15801332,11390381,4193288,6624644,1367317,595350,1578916,20109836,19773266,1648,1554,6732
2022/6/30,18703694,15809437,11397304,4196904,6628175,1368484,595620,1580007,20111393,19774825,1557,1559,6684
2022/7/1,18715187,15817874,11405343,4200102,6631654,1369482,595842,1581172,20112812,19776200,1419,1375,6797
2022/7/2,18724891,15824778,11412093,4203007,6634606,1370252,595991,1582291,20114098,19777446,1286,1246,5891
2022/7/3,18727773,15827127,11413486,4203996,6635657,1370557,596000,1582676,20115220,19778568,1122,1122,2392
2022/7/4,18728715,15827851,11414215,4204384,6636118,1370790,596002,1582805,20116362,19779577,1142,1009,963
2022/7/5,18738539,15834664,11420953,4206981,6639559,1371769,596139,1584045,20118031,19781053,1669,1476,6130
2022/7/6,18751761,15842807,11429548,4209910,6642695,1372860,596425,1585405,20119740,19782691,1709,1638,6937
2022/7/7,18765339,15851304,11438779,4213234,6646137,1374098,596639,1586639,20121413,19784249,1673,1558,7390
2022/7/8,18781678,15861490,11450985,4216872,6650140,1375122,596857,1587952,20122872,19785530,1459,1281,8213
2022/7/9,18801292,15874485,11465201,4221318,6654911,1376512,597189,1590267,20124187,19786794,1315,1264,8779
2022/7/10,18807107,15879885,11469119,4223124,6657217,1377214,597255,1591004,20125373,19787892,1186,1098,3237
2022/7/11,18809034,15881824,11471119,4223864,6658082,1377605,597270,1591217,20126363,19788848,990,956,1343
2022/7/12,18841397,15904834,11491986,4231771,6669433,1380149,597740,1593785,20128210,19790439,1847,1591,8380
2022/7/13,18880044,15931689,11518430,4241151,6681614,1382941,598437,1596774,20130199,19792145,1989,1706,9521
2022/7/14,18916908,15958714,11543627,4250973,6693896,1385510,598977,1599654,20132155,19793805,1956,1660,9685
2022/7/15,18953457,15987312,11568456,4260542,6706107,1388089,599683,1602714,20133921,19795244,1766,1439,9877
2022/7/16,18991932,16016557,11592571,4269610,6717798,1390461,600177,1605659,20135536,19796614,1615,1370,9945
2022/7/17,19008193,16029602,11599735,4273591,6724108,1392046,600243,1607243,20136875,19797773,1339,1159,4314
2022/7/18,19016565,16033423,11603685,4274986,6726461,1393050,600266,1607497,20137993,19798816,1118,1043,2178
2022/7/19,19052634,16057573,11624358,4282335,6736189,1395392,600768,1610228,20140005,19800422,2012,1606,9358
2022/7/20,19087405,16084905,11648774,4290505,6746517,1397956,601617,1613551,20142006,19802082,2001,1660,9820
2022/7/21,19121855,16110490,11672294,4299041,6756441,1400120,602265,1616436,20143958,19803845,1952,1763,9737
2022/7/22,19157446,16136554,11694889,4307063,6766338,1402535,603277,1619642,20145909,19805366,1951,1521,9899
2022/7/23,19192900,16162824,11717092,4314880,6775842,1404887,603476,1622586,20147594,19806638,1685,1272,9584
2022/7/24,19207632,16173781,11724417,4318049,6780798,1406152,603596,1623914,20150081,19808815,2487,2177,4469
2022/7/25,19210275,16092619,11647145,4323540,6753552,1409172,584311,1463277,20150081,19808815,0,0,1753
2022/7/26,19210275,16092619,11647145,4323540,6753552,1409172,584311,1463277,20150081,19808815,0,0,8670
2022/7/27,19210275,16092619,11647145,4323540,6753552,1409172,584311,1463277,20150081,19808815,0,0,9043
2022/7/28,19210275,16092619,11647145,4323540,6753552,1409172,584311,1463277,20150081,19808815,0,0,8498
2022/7/29,19210275,16092619,11647145,4323540,6753552,1409172,584311,1463277,20150081,19808815,0,0,8368
2022/7/30,19210275,16092619,11647145,4323540,6753552,1409172,584311,1463277,20150081,19808815,0,0,7665
2022/7/31,19210275,16092619,11647145,4323540,6753552,1409172,584311,1463277,20150081,19808815,0,0,3454
2022/8/1,19210275,16092619,11647145,4323540,6753552,1409172,584311,1463277,20161806,19818587,11725,9772,1379
2022/8/2,19210275,16092619,11647145,4323540,6753552,1409172,584311,1463277,20161806,19818587,0,0,6520
2022/8/3,19210275,16092619,11647145,4323540,6753552,1409172,584311,1463277,20161806,19818587,0,0,6432
2022/8/4,19210275,16092619,11647145,4323540,6753552,1409172,584311,1463277,20161806,19818587,0,0,6109
2022/8/5,19210275,16092619,11647145,4323540,6753552,1409172,584311,1463277,20161806,19818587,0,0,6081
2022/8/6,19210275,16092619,11647145,4323540,6753552,1409172,584311,1463277,20161806,19818587,0,0,0
2022/8/7,19210275,16092619,11647145,4323540,6753552,1409172,584311,1463277,20161806,19818587,0,0,0
2022/8/8,19210275,16092619,11647145,4323540,6753552,1409172,584311,1463277,20172509,19827584,10703,8997,9277
2022/8/9,19210275,16092619,11647145,4323540,6753552,1409172,584311,1463277,20174314,19829055,1805,1471,4914
2022/8/10,19210275,16092619,11647145,4323540,6753552,1409172,584311,1463277,20174314,19829055,0,0,5202
2022/8/11,19210275,16092619,11647145,4323540,6753552,1409172,584311,1463277,20179094,19833284,4780,4229,4905
2022/8/12,19210275,16092619,11647145,4323540,6753552,1409172,584311,1463277,20179094,19833284,0,0,4669
2022/8/13,19210275,16092619,11647145,4323540,6753552,1409172,584311,1463277,20179094,19833284,0,0,0
2022/8/14,19210275,16092619,11647145,4323540,6753552,1409172,584311,1463277,20179094,19833284,0,0,0
2022/8/15,19210275,16092619,11647145,4323540,6753552,1409172,584311,1463277,20182662,19836461,3568,3177,7303
2022/8/16,19210275,16092619,11647145,4323540,6753552,1409172,584311,1463277,20182662,19836461,0,0,3997
2022/8/17,19210275,16092619,11647145,4323540,6753552,1409172,584311,1463277,20182662,19836461,0,0,4256
2022/8/18,19210275,16092619,11647145,4323540,6753552,1409172,584311,1463277,20182662,19836461,0,0,4459
2022/8/19,19210275,16092619,11647145,4323540,6753552,1409172,584311,1463277,20182662,19836461,0,0,3911
2022/8/20,19210275,16092619,11647145,4323540,6753552,1409172,584311,1463277,20182662,19836461,0,0,0
2022/8/21,19210275,16092619,11647145,4323540,6753552,1409172,584311,1463277,20182662,19836461,0,0,0
2022/8/22,19210275,16092619,11647145,4323540,6753552,1409172,584311,1463277,20192207,19845041,9545,8580,6150
